-- MySQL dump 10.13  Distrib 5.7.21, for Linux (x86_64)
--
-- Host: localhost    Database: euroreklam_db
-- ------------------------------------------------------
-- Server version	5.7.21-0ubuntu0.16.04.1

/*!40101 SET @OLD_CHARACTER_SET_CLIENT=@@CHARACTER_SET_CLIENT */;
/*!40101 SET @OLD_CHARACTER_SET_RESULTS=@@CHARACTER_SET_RESULTS */;
/*!40101 SET @OLD_COLLATION_CONNECTION=@@COLLATION_CONNECTION */;
/*!40101 SET NAMES utf8 */;
/*!40103 SET @OLD_TIME_ZONE=@@TIME_ZONE */;
/*!40103 SET TIME_ZONE='+00:00' */;
/*!40014 SET @OLD_UNIQUE_CHECKS=@@UNIQUE_CHECKS, UNIQUE_CHECKS=0 */;
/*!40014 SET @OLD_FOREIGN_KEY_CHECKS=@@FOREIGN_KEY_CHECKS, FOREIGN_KEY_CHECKS=0 */;
/*!40101 SET @OLD_SQL_MODE=@@SQL_MODE, SQL_MODE='NO_AUTO_VALUE_ON_ZERO' */;
/*!40111 SET @OLD_SQL_NOTES=@@SQL_NOTES, SQL_NOTES=0 */;

--
-- Table structure for table `categories`
--

DROP TABLE IF EXISTS `categories`;
/*!40101 SET @saved_cs_client     = @@character_set_client */;
/*!40101 SET character_set_client = utf8 */;
CREATE TABLE `categories` (
  `id` int(10) unsigned NOT NULL AUTO_INCREMENT,
  `title` varchar(255) COLLATE utf8_unicode_ci NOT NULL,
  `created_at` timestamp NULL DEFAULT NULL,
  `updated_at` timestamp NULL DEFAULT NULL,
  PRIMARY KEY (`id`),
  UNIQUE KEY `categories_title_unique` (`title`)
) ENGINE=InnoDB AUTO_INCREMENT=6 DEFAULT CHARSET=utf8 COLLATE=utf8_unicode_ci;
/*!40101 SET character_set_client = @saved_cs_client */;

--
-- Dumping data for table `categories`
--

LOCK TABLES `categories` WRITE;
/*!40000 ALTER TABLE `categories` DISABLE KEYS */;
INSERT INTO `categories` VALUES (1,'Samsung','2017-05-07 19:36:31','2017-05-07 19:36:31'),(2,'Midea','2017-05-07 19:36:31','2017-05-07 19:36:31'),(3,'LG','2017-05-07 19:36:31','2017-05-07 19:36:31'),(4,'Toshiba','2017-05-07 19:36:32','2017-05-07 19:36:32'),(5,'Korel','2017-05-07 19:36:32','2017-05-07 19:36:32');
/*!40000 ALTER TABLE `categories` ENABLE KEYS */;
UNLOCK TABLES;

--
-- Table structure for table `items`
--

DROP TABLE IF EXISTS `items`;
/*!40101 SET @saved_cs_client     = @@character_set_client */;
/*!40101 SET character_set_client = utf8 */;
CREATE TABLE `items` (
  `id` int(10) unsigned NOT NULL AUTO_INCREMENT,
  `category_id` int(10) unsigned DEFAULT NULL,
  `naziv` varchar(255) COLLATE utf8_unicode_ci NOT NULL,
  `slika` varchar(255) COLLATE utf8_unicode_ci DEFAULT NULL,
  `cijena_pdv` varchar(255) COLLATE utf8_unicode_ci NOT NULL,
  `cijena_popust` varchar(255) COLLATE utf8_unicode_ci DEFAULT NULL,
  `opis` text COLLATE utf8_unicode_ci NOT NULL,
  `en_klasa` varchar(255) COLLATE utf8_unicode_ci NOT NULL,
  `kapacitet_hladjenja` varchar(255) COLLATE utf8_unicode_ci NOT NULL,
  `kapacitet_grijanja` varchar(255) COLLATE utf8_unicode_ci DEFAULT NULL,
  `rashladno_sredstvo` varchar(255) COLLATE utf8_unicode_ci DEFAULT NULL,
  `prikljucak_el_energije_hladjenje` varchar(255) COLLATE utf8_unicode_ci NOT NULL,
  `prikljucak_el_energije_grijanje` varchar(255) COLLATE utf8_unicode_ci DEFAULT NULL,
  `napajanje` varchar(255) COLLATE utf8_unicode_ci NOT NULL,
  `buka_un_jedinice` varchar(255) COLLATE utf8_unicode_ci NOT NULL,
  `buka_vanj_jedinice` varchar(255) COLLATE utf8_unicode_ci NOT NULL,
  `dimenzije_un_jedinice` varchar(255) COLLATE utf8_unicode_ci NOT NULL,
  `dimenzije_vanj_jedinice` varchar(255) COLLATE utf8_unicode_ci NOT NULL,
  `tezina_un_jedinice` varchar(255) COLLATE utf8_unicode_ci NOT NULL,
  `tezina_vanj_jedinice` varchar(255) COLLATE utf8_unicode_ci DEFAULT NULL,
  `promjer_cijevi_tekuca` varchar(255) COLLATE utf8_unicode_ci NOT NULL,
  `promjer_cijevi_plinska` varchar(255) COLLATE utf8_unicode_ci NOT NULL,
  `max_duljina_cjevovoda` int(11) DEFAULT NULL,
  `max_visinska_razlika` int(11) DEFAULT NULL,
  `protok_zraka_unutarnja` varchar(255) COLLATE utf8_unicode_ci DEFAULT NULL,
  `protok_zraka_vanjska` varchar(255) COLLATE utf8_unicode_ci DEFAULT NULL,
  `raspolozivi_pad_tlaka` varchar(255) COLLATE utf8_unicode_ci DEFAULT NULL,
  `podrucje_rada` varchar(255) COLLATE utf8_unicode_ci DEFAULT NULL,
  `razina_zvucne_snage_u_j` varchar(255) COLLATE utf8_unicode_ci DEFAULT NULL,
  `razina_zvucnog_tlaka_u_j` varchar(255) COLLATE utf8_unicode_ci DEFAULT NULL,
  `razina_zvucne_snage_v_j` varchar(255) COLLATE utf8_unicode_ci DEFAULT NULL,
  `razina_zvucnog_tlaka_v_j` varchar(255) COLLATE utf8_unicode_ci DEFAULT NULL,
  `jamstvo` int(11) NOT NULL,
  `seer` varchar(255) COLLATE utf8_unicode_ci DEFAULT NULL,
  `scop` varchar(255) COLLATE utf8_unicode_ci DEFAULT NULL,
  `created_at` timestamp NULL DEFAULT NULL,
  `updated_at` timestamp NULL DEFAULT NULL,
  PRIMARY KEY (`id`),
  UNIQUE KEY `items_naziv_unique` (`naziv`),
  KEY `items_category_id_foreign` (`category_id`),
  CONSTRAINT `items_category_id_foreign` FOREIGN KEY (`category_id`) REFERENCES `categories` (`id`) ON DELETE CASCADE
) ENGINE=InnoDB AUTO_INCREMENT=132 DEFAULT CHARSET=utf8 COLLATE=utf8_unicode_ci;
/*!40101 SET character_set_client = @saved_cs_client */;

--
-- Dumping data for table `items`
--

LOCK TABLES `items` WRITE;
/*!40000 ALTER TABLE `items` DISABLE KEYS */;
INSERT INTO `items` VALUES (21,2,'Klima uređaj Midea Kid star plavi 2,7 kw, DC inverter','storage/klime/image_21.png','5.749,00','4.889','-','A++','2,64 (1,17-3,31)','2,93 (0,82-3,72)','R410A','100-1290','150-1390','1 / 220-240','-','-','900x190x310','728x555x300','10/12',NULL,'1/4\" (fi 6,35)','3/8\" (fi 9,52)',25,10,'530','2100','-',NULL,NULL,NULL,NULL,NULL,2,'7.1','4.0','2017-05-10 08:00:00','2019-03-03 19:37:58'),(22,2,'Klima uređaj Midea Kid star plavi 3,5 kw, DC inverter','storage/klime/image_22.png','	 6.499,00','5.529','Midea Kid automatski i lagano podiže temperaturu i usporava brzinu ventilatora, te prilagođava kut klapne kako bi spriječio prehladu djece.','A++','3,5 (1,26-4,46)','3,8 (1,06-4,86)','R410A','107-1670','185-1900','1 / 220-240','-','-','900x190x310','800x554x333','10,5/12,5',NULL,'1/4\" (fi 6,35)','3/8\" (fi 9,52)',25,10,'530','2100','-',NULL,NULL,NULL,NULL,NULL,2,'6.8','4.0','2017-05-10 08:03:27','2019-03-03 19:38:39'),(61,2,'Klima uređaj Midea Blanc MA-09N8D0/NXD0-I, R32,DC INVERTER, unutarnja jedinica','storage/klime/image_61.png','850,00','816','automatski start, samodijagnostika, timer, samočišćenje, detekcija curenja, super gusti filter, karbonski filter, \'slijedi me\' funkcija, tihi način rada','A++/A+','2,63(1,03-3,22)','2,93 ( 0,82-3,37)','R32','767 (100-1240)','788 (100-1200)','1 / 220-240','-','-','805x285x205','700x550x270','7,9/10,3',NULL,'1/4\" (fi 6,35)','3/8\" (fi 9,52)',25,10,'520/460/340','1700','-',NULL,NULL,NULL,NULL,NULL,2,'6,2','4,0','2019-03-03 19:46:50','2019-03-04 08:21:22'),(62,2,'Klima uređaj Midea Blanc MA-12N8D0/NXD0-I, R32,DC INVERTER, unutarnja jedinica','storage/klime/image_62.png','1.062.50','1.020','automatski start, samodijagnostika, timer, samočišćenje, detekcija curenja, super gusti filter, karbonski filter, \'slijedi me\' funkcija, tihi način rada','A++/A+','3,51 (1,08-4,09)','3,81 (1,08-4,22)','R32','1185(130~1580)','1100(120~1580)','1 / 220-240','-','-','805x285x205','700x550x270','7,9/10,3',NULL,'1/4\" (fi 6,35)','3/8\" (fi 9,52)',25,10,'600/500/360','1700','-',NULL,NULL,NULL,NULL,NULL,2,'6.1','4.0','2019-03-04 08:12:43','2019-03-04 08:16:30'),(63,2,'Klima uređaj Midea Blanc MA-18N8D0/NXD0-I, R32,DC INVERTER, unutarnja jedinica','storage/klime/image_63.png','1.312,50',NULL,'automatski start, samodijagnostika, timer, samočišćenje, detekcija curenja, super gusti filter, karbonski filter, \'slijedi me\' funkcija, tihi način rada\r\n\r\n','A++/A+','5,27 (1,91-6,14)','5,57 (1,04-6,91)','R32','1630(649~2068)','1538(254~2320)','1 / 220-240','-','-','958x223x302','800x333x554','10,3/13,3','34/36.7','1/4\" (fi 6,35)','1/2\" (fi 12,7)',30,20,'860/690/560','2000','-',NULL,NULL,NULL,NULL,NULL,2,'6,6','4.0','2019-03-04 08:29:34','2019-03-04 08:29:34'),(64,2,'Klima uređaj Midea Mission Smart MB-12N8D6-I, DC INVERTER, unut. j.','storage/klime/image_64.jpeg','1.225',NULL,'air magic tehnologija (eliminira viruse, bakterije, mikrobe i osvježava zrak), dvostruki filtracijski sustav, samočišćenje, inverter quatro tehnologija (brzo hlađenje i grijanje, hlađenje na vrlo visokim temperaturama, grijanje na vrlo niskim temperaturama, I eco način rada za uštedu energije, GA prilagodba frekvencije na kompresoru), 1W standby, odvod kondenzata na 2 starne, tihi način rada, autorestart, detekcija curenja plina.\r\n\r\n\r\n','A++/A+','3,51 (1,37-4,3)','3,81 (1,06-4,38)','R32','965 (120-1650)','953 (110-1480)','1-220-50','-','-','810x200x300','800x333x554','8,3/11,2','28,5/31,4','6,35 (1/4\")','9,52 (3/8\")',25,10,'500/440/270','1980','-',NULL,NULL,NULL,NULL,NULL,2,'7,5','4,6','2019-03-04 08:37:18','2019-03-04 08:37:18'),(65,2,'Klima uređaj Midea Mission Smart MB-18N8D6-I, DC INVERTER, unut. j.','storage/klime/image_65.jpeg','1.687.50',NULL,'air magic tehnologija (eliminira viruse, bakterije, mikrobe i osvježava zrak), dvostruki filtracijski sustav, samočišćenje, inverter quatro tehnologija (brzo hlađenje i grijanje, hlađenje na vrlo visokim temperaturama, grijanje na vrlo niskim temperaturama, I eco način rada za uštedu energije, GA prilagodba frekvencije na kompresoru), 1W standby, odvod kondenzata na 2 strane, tihi način rada, autorestart, detekcija curenja plina.','A++/A+','5.27(1.96-6.21)','5.56(1.37-6.97)','R32','1496 (150-2220)','1384 (220-2330)','1-220-50','-','-','980x225x325','800x333x554','10,7/14,3','36,9/39,6','6,35 (1/4\")','12,7 (1/2\")',30,20,'750/590/500','2100','-',NULL,NULL,NULL,NULL,NULL,2,'7,3','4.0','2019-03-04 08:42:34','2019-03-04 08:42:34'),(66,2,'Klima uređaj Midea Ultimate Comfort MT-12N8D6-I, unutarnja jedinica','storage/klime/image_66.jpeg','1.575','1.475','WIFI modul uključen, automatski restart, brzo hlađenje i grijanje, samodijagnostika, detekcija curenja plina, mogućnost podešavanja razine vlažnosti zraka u prostoriji pomoću aplikacije, super gusti filter, turbo način rada, tihi način rada, timer, odvod kondenzata na 2 strane, ispuh zraka na dvije strane, moguće pomicanje klapni vertikalno i horizontalno, ECO funkcija, kompenzacija temperature, slijedi me funkcija, hitna funkcija, kontrola potrošnje pomoću aplikacije','A++/A+','3,51 (1,37-4,3)','3,81 (1,07-4,38)','R32','1005 (120-1650)','953 (110-1470)','1-220-50','-','-','886x188x315','-','10,3/13,3',NULL,'6,35 (1/4\")','9,52 (3/8\")',NULL,NULL,'550/480/420','-','-',NULL,NULL,NULL,NULL,NULL,2,'7,4','4,6','2019-03-04 08:49:33','2019-03-04 08:50:01'),(67,2,'Klima uređaj Midea Ultimate Comfort MT-09N8D6-I, unutarnja jedinica','storage/klime/image_67.jpeg','1.250.00','1.163','WIFI modul uključen, automatski restart, brzo hlađenje i grijanje, samodijagnostika, detekcija curenja plina, mogućnost podešavanja razine vlažnosti zraka u prostoriji pomoću aplikacije, super gusti filter, air magic, turbo način rada, tihi način rada, timer, odvod kondenzata na 2 strane, ispuh zraka na dvije strane, moguće pomicanje klapni vertikalno i horizontalno, ECO funkcija, kompenzacija temperature, slijedi me funkcija, hitna funkcija, kontrola potrošnje pomoću aplikacije.','A++/A+','2,64 (1,026-3,22)','2,93 (0,82-3,37)','R32','676 (80-1100)','637 (70-990)','1-220-50','-','-','886x188x315','-','10,3/13,3',NULL,'6,35 (1/4\")','9,52 (3/8\")',NULL,NULL,'500/370/240','-','-',NULL,NULL,NULL,NULL,NULL,2,'8,2','4,6','2019-03-04 08:58:28','2019-03-04 08:58:47'),(68,2,'Klima uređaj Midea Blanc MSMAAU-09HRDN1-QRDOGW DC INVERTER','storage/klime/image_68.png','3.200','2.790','automatski start, samodijagnostika, timer, samočišćenje, detekcija curenja, super gusti filter, karbonski filter, \'slijedi me\' funkcija, tihi način rada','A++/A+','2,6 (1,03-3,22)','2,9 (0,82-3,37)','R410A','100-1240','120-1200','1 / 220-240','-','-','715x285x205','770x555x300','6,5/8,5','25,2/27,4','1/4\" (fi 6,35)','3/8\" (fi 9,52)',25,10,'430/320/230','1800','-',NULL,NULL,NULL,NULL,NULL,2,'6,1','4.0','2019-03-04 09:03:56','2019-03-04 09:03:56'),(69,2,'Klima uređaj Midea Blanc MSMACU-18HRFN1-QRDOGW, FULL DC INVERTER','storage/klime/image_69.png','5.650',NULL,'automatski start, samodijagnostika, timer, samočišćenje, detekcija curenja, super gusti filter, karbonski filter, \'slijedi me\' funkcija, tihi način rada','A++/A+++','5,3 (1,82-6,13)','5,6 (1,38-6,74)','R410A','140-2360','-','1 / 220-240','-','-','958x302x213','800x554x333','8,5/12','37,8/40,5','1/4\" (fi 6,35)','1/2\" (fi 12,7)',30,20,'610/460/360','2100','-',NULL,NULL,NULL,NULL,NULL,2,'6,7','4.0','2019-03-04 09:13:04','2019-03-04 09:13:04'),(70,2,'Klima uređaj Midea Blanc MSMADU-24HRFN1, FULL DC INVERTER','storage/klime/image_70.png','7.999',NULL,'automatski start, samodijagnostika, timer, samočišćenje, detekcija curenja, super gusti filter, karbonski filter, \'slijedi me\' funkcija, tihi način rada','A++/A+','7,0 (2,67-7,9)','7,3 (1,6-8,8)','R410A','240-3030','260-3140','1 / 220-240','-','-','1038x325x220','845x702x363','12/15','48,4/51,6','3/8\" (fi 9,52)','5/8\" (fi 15,9)',50,25,'960/820/650','2700','-',NULL,NULL,NULL,NULL,NULL,2,'6,1','4.0','2019-03-04 10:22:21','2019-03-04 10:22:21'),(71,2,'Klima uređaj Midea Blanc PLUS MSMADU-24HRFN1, FULL DC INVERTER','storage/klime/image_71.png','8.075',NULL,'automatski start, samodijagnostika, timer, samočišćenje, detekcija curenja, super gusti filter, karbonski filter, \'slijedi me\' funkcija, tihi način rada, grijač kompresora, grijač tavice kondenzata\r\n\r\n','A++/A+','7,0 (2,67-7,9)','7,3 (1,6-8,8)','R410A','240-3030','260-3140','1 / 220-240','-','-','1038x325x220','845x702x363','12/15','48,4/51,6','3/8\" (fi 9,52)','5/8\" (fi 15,9)',50,25,'960/820/650','2700','-',NULL,NULL,NULL,NULL,NULL,2,'6,1','4,0','2019-03-04 10:27:31','2019-03-04 10:27:31'),(72,2,'Klima uređaj Midea Mission Smart MSMBAU-09HRFN1-QRD0GW(B), DC INVERTER','storage/klime/image_72.png','3.999','3.199','automatski restart, samočišćenje, samodijagnostika i automatska zaštita, super gusti filter, srebrni ion filter, super ionizator, grijač tavice vanjske jedinice, turbo način rada, tihi način rada, timer, odvod kondenzata na 2 strane, ECO funkcija, slijedi me funkcija, hitna funkcija, priprema za WiFi.','A++/A+','2,6 (1,17-3,3)','2,9 (0,9-3,75)','R410A','816 (100-1270)','811 (140-1340)','1-220-50','-','-','730x293x198','770x555x300','7,4 /9,8','27,1/29,4','6,35 (1/4\")','9,52 (3/8\")',25,10,'500/420/310','1900','-',NULL,NULL,NULL,NULL,NULL,2,'6,8','4,2','2019-03-04 10:32:26','2019-03-04 10:32:26'),(73,2,'Klima uređaj Midea Mission Smart MSMBBU-12HRFN1-QRD0GW(B), DC INVERTER','storage/klime/image_73.png','4.750','3.690','automatski restart, samočišćenje, samodijagnostika i automatska zaštita, super gusti filter, srebrni ion filter, super ionizator, grijač tavice vanjske jedinice, turbo način rada, tihi način rada, timer, odvod kondenzata na 2 strane, ECO funkcija, slijedi me funkcija, hitna funkcija, priprema za WiFi.','A++/A+','3,5 (1,35-4,5)','3,8 (1,08-4,9)','R410A','1088 (110-1740)','1055 (160-1760)','1-220-50','-','-','810x300x200','800x554x333','8,2 / 11,1','29,7 / 32,4','6,35 (1/4\")','9,52 (3/8\")',25,10,'519/458/266','2000','-',NULL,NULL,NULL,NULL,NULL,2,'7,2','4.2','2019-03-04 10:37:19','2019-03-04 10:37:19'),(74,2,'Klima uređaj Midea Mission Smart MSMBCU-18HRFN1-QRD0GW(B), DC INVERTER','storage/klime/image_74.png','6.650',NULL,'automatski restart, samočišćenje, samodijagnostika i automatska zaštita, super gusti filter, srebrni ion filter, super ionizator, grijač tavice vanjske jedinice, turbo način rada, tihi način rada, timer, odvod kondenzata na 2 strane, ECO funkcija, slijedi me funkcija, hitna funkcija, priprema za WiFi.\r\n\r\n','A++/A+','5,3 ( 1,9-6,18)','5,6 ( 1,44- 6,8)','R410A','1633 (150-2380)','1500 (220-2430)','1-220-50','-','-','980x325x225','800x554x333','10,5 / 13,5','37,2 / 40','6,35 (1/4\")','12,7 (1/2\")',30,20,'725/530/460','2100','-',NULL,NULL,NULL,NULL,NULL,2,'6,8','4,2','2019-03-04 12:38:07','2019-03-04 12:38:07'),(75,2,'Klima uređaj Midea Mission Smart MSMBDU-24HRFN1-QRD0GW, DC INVERTER','storage/klime/image_75.png','8.737,50',NULL,'automatski restart, samočišćenje, samodijagnostika i automatska zaštita, super gusti filter, srebrni ion filter, super ionizator, grijač tavice vanjske jedinice, turbo način rada, tihi način rada, timer, odvod kondenzata na 2 strane, ECO funkcija, slijedi me funkcija, hitna funkcija, priprema za WiFi.','A++/A+','7,0 (2,6-8,09)','7,6 ( 2,08 - 9,3)','R410A','2336 (230-3110)','2302 (310-3320)','1-220-50','-','-','1090x338x235','845x702x363','12,9 / 16,5','48,5 / 51,7','9,52 (3/8\")','15,9 (5/8\")',50,25,'1055/850/670','2700','-',NULL,NULL,NULL,NULL,NULL,2,'6,2','4,0','2019-03-04 12:42:55','2019-03-04 12:42:55'),(76,5,'Klima uređaj Korel Fortis+SMART KSAL2-24DCEH, DC INVERTER','storage/klime/image_76.png','6.375',NULL,'automatski start, samodijagnoza i automatska zaštita, timer, turbo način rada, noćni način rada, pozlaćene lamele, LED display, anti fungus funkcija, grijač tavice vanjske jedinice, samočišćenje, ionizator, swing funkcija, 12 brzina unutarnjeg ventilatora, slijedi me funkcija, 5 brzina vanjskog ventilatora, tihi rad, zaštita ventila, ugrađen WiFi.\r\n\r\n','A++/A+','7,1(2,2-8,7)','7,3 (2,8-8,8)','R410A','2200 (685-2851)','2020 (710-3155)','1-220-50','-','-','1100x330x235','800x690x300','16','46','1/4\'\' (fi 6,35)','5/8\" (fi 15,88)',15,5,'1250','-','-',NULL,NULL,NULL,NULL,NULL,2,'6,2','4,05','2019-03-04 14:33:08','2019-03-04 14:33:08'),(77,5,'Klima uređaj Korel Fortis+SMART KSAL2-18DCEH, DC INVERTER','storage/klime/image_77.png','4.875',NULL,'automatski start, samodijagnoza i automatska zaštita, timer, turbo način rada, noćni način rada, pozlaćene lamele, LED display, anti fungus funkcija, grijač tavice vanjske jedinice, samočišćenje, ionizator, swing funkcija, 12 brzina unutarnjeg ventilatora, slijedi me funkcija, 5 brzina vanjskog ventilatora, tihi rad, zaštita ventila, ugrađen WiFi.','A++/A+','5,1 (1,8-5,9)','5,4 (1,8-6,5)','R410A','1580 (560-1680)','1500 (561-1800)','1-220-50','-','-','970x315x235','802x535x298','14','35','1/4\'\' (fi 6,35)','1/2\'\' (fi 12,70)',15,5,'1000','-','-',NULL,NULL,NULL,NULL,NULL,2,'6,12','4,07','2019-03-04 14:37:45','2019-03-04 14:37:45'),(78,5,'Klima uređaj Korel Fortis+ KSAL2-12DCEH, DC INVERTER','storage/klime/image_78.png','3.200','2.880','automatski start, samodijagnoza i automatska zaštita, timer, turbo način rada, noćni način rada, pozlaćene lamele, LED display, anti fungus funkcija, grijač tavice vanjske jedinice, samočišćenje, ionizator, swing funkcija, 12 brzina unutarnjeg ventilatora, slijedi me funkcija, 5 brzina vanjskog ventilatora, tihi rad, zaštita ventila, ugrađen WiFi.','A++/A+','3,50 (1,2-3,8)','3,5 (1,03-3,7)','R410A','1090(240-1600)','970 (200-1440)','1-220-50','-','-','800x300x198','760x540x260','8,5','27','1/4\'\' (fi 6,35)','3/8\" (fi 9,53)',15,5,'550','-','-',NULL,NULL,NULL,NULL,NULL,2,'6,26','4,09','2019-03-04 14:46:22','2019-03-04 14:46:22'),(79,5,'Klima uređaj Korel Fortis+ KSAL2-09DCEH, DC INVERTER','storage/klime/image_79.png','2.999','2.549','automatski start, samočišćenje, samodijagnoza i automatska zaštita, timer, turbo način rada, noćni način rada, pozlaćene lamele u unutarnjoj i vanjskoj jedinici, LED display, anti fungus funkcija, grijač tavice vanjske jedinice, samočišćenje, ionizator, swing funkcija, 12 brzina unutarnjeg ventilatora, slijedi me funkcija, 5 brzina vanjskog ventilatora, tihi rad, zaštita ventila, ugrađen WiFi.','A++/A+','2,55','2,65','R410A','789','732','1-220-50','-','-','800x300x198','720x540x260','9','27','1/4\'\' (fi 6,35)','3/8\" (fi 9,53)',15,5,'600/530/480/440','-','-',NULL,NULL,NULL,NULL,NULL,2,'6,15','4,03','2019-03-04 14:51:02','2019-03-04 14:51:02'),(80,5,'Klima uređaj Korel KMA32-09FNX, DC INVERTER, wifi, unutarnja jedinica','storage/klime/image_80.jpeg','927.50','790','HD (high-density) filter, cold catalyst filter, detekcija curenja rashladnog sredstva, samočišćenje, low ambient cooling, follow me, pomicanje horizontalnih klapni (gore/dolje), sleep mode, ECO mode, 5 brzina ventilatora vanjske jedinice, 12 brzina ventilatora unutarnje jedinice, 1W Standby, mogućnost odvoda kondenzata na dvije strane, auto restart, timer, memorija položaja klapne, Emergency using, I remote (inženjerski način)','A++/A+','2,64 (1,02-3,19)','2,93 (0,88-3,66)','R32','749 (70-1230)','715 (140-1310)','1 / 220-240','-','-','722x187x290','-','7,4/9,6','-','1/4\" (fi 6,35)','3/8\" (fi 9,52)',25,10,'521/429/259','-','-',NULL,NULL,NULL,NULL,NULL,2,'7,1','4,0','2019-03-05 08:56:26','2019-03-05 08:56:26'),(81,5,'Klima uređaj Korel KMA32-12FNX, DC INVERTER, wifi, unutarnja jedinica','storage/klime/image_81.jpeg','972.50','825.00','HD (high-density) filter, cold catalyst filter, detekcija curenja rashladnog sredstva, samočišćenje, low ambient cooling, follow me, pomicanje horizontalnih klapni (gore/dolje), sleep mode, ECO mode, 5 brzina ventilatora vanjske jedinice, 12 brzina ventilatora unutarnje jedinice, 1W Standby, mogućnost odvoda kondenzata na dvije strane, auto restart, timer, memorija položaja klapne, Emergency using, I remote (inženjerski način)','A++/A+','3,5 (0,82-4,16)','3,81 (0,85-4,78)','R32','1089 ( 50-1600)','1050 (130-1710)','1 / 220-240','-','-','802x189x297','-','8,2/10,7','-','1/4\" (fi 6,35)','3/8\" (fi 9,52)',25,10,'539/478/294','-','-',NULL,NULL,NULL,NULL,NULL,2,'7,0','4,1','2019-03-05 09:01:37','2019-03-05 09:01:37'),(82,5,'Klima uređaj Korel KMA32-18FNX, DC INVERTER, wifi, unutarnja jedinica','storage/klime/image_82.jpeg','1.688','1.515','HD (high-density) filter, cold catalyst filter, detekcija curenja rashladnog sredstva, samočišćenje, low ambient cooling, follow me, pomicanje horizontalnih klapni (gore/dolje), sleep mode, ECO mode, 5 brzina ventilatora vanjske jedinice, 12 brzina ventilatora unutarnje jedinice, 1W Standby, mogućnost odvoda kondenzata na dvije strane, auto restart, timer, memorija položaja klapne, Emergency using, I remote (inženjerski način)\r\n\r\n','A++/A+','5,27 (1,72-6,21)','5,57 (1,05-6,97)','R32','1538 (120-2390)','1461 (190-2490)','1 / 220-240','-','-','965x215x319','-','10,8/14,1','-','1/4\" (fi 6,35)','1/2\" (fi 12,7)',30,20,'750/505/420','-','-',NULL,NULL,NULL,NULL,NULL,2,'6,4','4,0','2019-03-05 09:06:16','2019-03-05 09:06:16'),(83,5,'Klima uređaj Korel KMA32-24FNX, DC INVERTER, wifi, unutarnja jedinica','storage/klime/image_83.jpeg','2.063','1.850','HD (high-density) filter, cold catalyst filter, detekcija curenja rashladnog sredstva, samočišćenje, low ambient cooling, follow me, pomicanje horizontalnih klapni (gore/dolje), sleep mode, ECO mode, 5 brzina ventilatora vanjske jedinice, 12 brzina ventilatora unutarnje jedinice, 1W Standby, mogućnost odvoda kondenzata na dvije strane, auto restart, timer, memorija položaja klapne, Emergency using, I remote (inženjerski način)','A++/A+','7,33 (2,58-8,44)','7,62 (1,52-9,44)','R32','2402 (230-3350)','2177 (230-3350)','1 / 220-240','-','-','1080x226x335','-','12,9/16,5',NULL,'3/8\" (fi 9,52)','5/8\" (fi 15,9)',NULL,NULL,'1050/750/560','-','-',NULL,NULL,NULL,NULL,NULL,2,'6,4','4,0','2019-03-05 09:13:29','2019-03-05 09:13:46'),(84,5,'Klima uređaj Korel Nexo KOR32-09HFN8-I, DC INVERTER, wifi ready, unutarnja j.','storage/klime/image_84.png','850','816','HD (high-density) filter, cold catalyst filter, samodijagnoza, detekcija curenja rashladnog sredstva, low ambient cooling, turbo način rada, pomicanje horizontalnih klapni (gore/dolje), dvosmjerno puhanje zraka, Mute način rada, kompenzacija temperature, 5 brzina ventilatora vanjske jedinice, 12 brzina ventilatora unutarnje jedinice, Intelligent anti-cold air, Sleep način rada, 1W Standby, mogućnost odvoda kondenzata na dvije strane, auto restart, timer, memorija položaja klapne, Emergency using aluminijske peraje koje imaju posebnu prevlaku s hidrofilnim slojem, osiguravajući brzo uklanjanje kondenzata iz unutarnje jedinice koja ne dopušta brzo formiranje plijesni i bakterija, a istodobno osigurava učinkovitiji rad klima uređaja\r\n\r\n','A++/A+','2,64 (0,9-3,1)','2,93 (0,82-3,37)','R32','710 (100-1240)','739 (120-1200)','1 / 220-240','-','-','805x194x285','-','7,5/9,7','-','1/4\" (fi 6,35)','3/8\" (fi 9,52)',25,10,'520/460/360','-','-',NULL,NULL,NULL,NULL,NULL,2,'6,2','4,0','2019-03-05 09:18:35','2019-03-05 09:18:35'),(85,5,'Klima uređaj Korel Nexo KOR32-12HFN8-I, DC INVERTER, wifi ready, unutarnja j.','storage/klime/image_85.png','900','873','HD (high-density) filter, cold catalyst filter, samodijagnoza, detekcija curenja rashladnog sredstva, low ambient cooling, turbo način rada, pomicanje horizontalnih klapni (gore/dolje), dvosmjerno puhanje zraka, Mute način rada, kompenzacija temperature, 5 brzina ventilatora vanjske jedinice, 12 brzina ventilatora unutarnje jedinice, Intelligent anti-cold air, Sleep način rada, 1W Standby, mogućnost odvoda kondenzata na dvije strane, auto restart, timer, memorija položaja klapne, Emergency using aluminijske peraje koje imaju posebnu prevlaku s hidrofilnim slojem, osiguravajući brzo uklanjanje kondenzata iz unutarnje jedinice koja ne dopušta brzo formiranje plijesni i bakterija, a istodobno osigurava učinkovitiji rad klima uređaja\r\n\r\n','A++/A+','3,52 (1,11-3,22)','3,8 (1,08-4,16)','R32','1237(130-1580)','964(100-1580)','1 / 220-240','-','-','805x194x285','-','7,5/9,7','-','1/4\" (fi 6,35)','3/8\" (fi 9,52)',25,10,'600/500/360','-','-',NULL,NULL,NULL,NULL,NULL,2,'6,1','4,0','2019-03-05 09:23:35','2019-03-05 09:23:35'),(86,5,'Klima uređaj Korel Nexo KOR32-18HFN8-I, DC INVERTER, wifi ready, unutarnja jedinica','storage/klime/image_86.png','2.000','1.800','HD (high-density) filter, cold catalyst filter, samodijagnoza, detekcija curenja rashladnog sredstva, low ambient cooling, turbo način rada, pomicanje horizontalnih klapni (gore/dolje), dvosmjerno puhanje zraka, Mute način rada, kompenzacija temperature, 5 brzina ventilatora vanjske jedinice, 12 brzina ventilatora unutarnje jedinice, Intelligent anti-cold air, Sleep način rada, 1W Standby, mogućnost odvoda kondenzata na dvije strane, auto restart, timer, memorija položaja klapne, Emergency using aluminijske peraje koje imaju posebnu prevlaku s hidrofilnim slojem, osiguravajući brzo uklanjanje kondenzata iz unutarnje jedinice koja ne dopušta brzo formiranje plijesni i bakterija, a istodobno osigurava učinkovitiji rad klima uređaja\r\n\r\n','A++/A+','5,3 (1,82-6,13)','5,57 (1,38-6,74)','R32','1539 (140-2360)','1480 (200-2410)','1 / 220-240','-','-','957X213X302','-','10/13','-','1/4\" (fi 6,35)','1/2\" (fi 12,7)',30,20,'840/680/540','-','-',NULL,NULL,NULL,NULL,NULL,2,'7,1','4,0','2019-03-05 09:30:57','2019-03-05 09:30:57'),(87,5,'Klima uređaj Korel Nexo KOR32-24HFN8-I, DC INVERTER, wifi ready, unutarnja jedinica','storage/klime/image_87.png','2.125',NULL,'HD (high-density) filter, cold catalyst filter, samodijagnoza, detekcija curenja rashladnog sredstva, low ambient cooling, turbo način rada, pomicanje horizontalnih klapni (gore/dolje), dvosmjerno puhanje zraka, Mute način rada, kompenzacija temperature, 5 brzina ventilatora vanjske jedinice, 12 brzina ventilatora unutarnje jedinice, Intelligent anti-cold air, Sleep način rada, 1W Standby, mogućnost odvoda kondenzata na dvije strane, auto restart, timer, memorija položaja klapne, Emergency using aluminijske peraje koje imaju posebnu prevlaku s hidrofilnim slojem, osiguravajući brzo uklanjanje kondenzata iz unutarnje jedinice koja ne dopušta brzo formiranje plijesni i bakterija, a istodobno osigurava učinkovitiji rad klima uređaja\r\n\r\n','A++/A+','7,03 (2,0-7,95)','7,33 (1,6-8,79)','R32','2345 (160-2960)','2035 (260-3140)','1 / 220-240','-','-','-','-','-','-','3/8\" (fi 9,52)','5/8\" (fi 15,9 )',50,25,'-','-','-',NULL,NULL,NULL,NULL,NULL,2,'7,1','4,0','2019-03-05 09:34:50','2019-03-05 09:34:50'),(88,5,'Klima uređaj Korel KMA32-09FN8, DC INVERTER, vanjska jedinica',NULL,'2.325','1.975','HD (high-density) filter, cold catalyst filter, detekcija curenja rashladnog sredstva, samočišćenje, low ambient cooling, follow me, pomicanje horizontalnih klapni (gore/dolje), sleep mode, ECO mode, 5 brzina ventilatora vanjske jedinice, 12 brzina ventilatora unutarnje jedinice, 1W Standby, mogućnost odvoda kondenzata na dvije strane, auto restart, timer, memorija položaja klapne, Emergency using, I remote (inženjerski način)','A++/A+','2,64 (1,02-3,19)','2,93 (0,88-3,66)','R32','749 (70-1230)','715 (140-1310)','1 / 220-240','-','-','722x187x290','770x300x555','7,4/9,6','27,2/29,7','1/4\" (fi 6,35)','3/8\" (fi 9,52)',25,10,'521/429/259','2000','-',NULL,NULL,NULL,NULL,NULL,2,'7,1','4,0','2019-03-05 09:39:24','2019-03-05 09:39:24'),(89,5,'Klima uređaj Korel KMA32-12FN8, DC INVERTER, vanjska jedinica',NULL,'2.494','2.115','HD (high-density) filter, cold catalyst filter, samodijagnoza, detekcija curenja rashladnog sredstva, low ambient cooling, turbo način rada, pomicanje horizontalnih klapni (gore/dolje), dvosmjerno puhanje zraka, Mute način rada, kompenzacija temperature, 5 brzina ventilatora vanjske jedinice, 12 brzina ventilatora unutarnje jedinice, Intelligent anti-cold air, Sleep način rada, 1W Standby, mogućnost odvoda kondenzata na dvije strane, auto restart, timer, memorija položaja klapne, Emergency using\r\n\r\n','A++/A+','3,5 (0,82-4,16)','3,81 (0,85-4,78)','R32','1089 ( 50-1600)','1050 (130-1710)','1 / 220-240','-','-','-','770x300x555','-','27,0/29,4','1/4\" (fi 6,35)','3/8\" (fi 9,52)',25,10,'-','2000','-',NULL,NULL,NULL,NULL,NULL,2,'7,0','4,1','2019-03-05 09:43:01','2019-03-05 09:43:01'),(90,5,'Klima uređaj Korel KMA32-18FN8, DC INVERTER, vanjska jedinica',NULL,'3.813','3.425','HD (high-density) filter, cold catalyst filter, samodijagnoza, detekcija curenja rashladnog sredstva, low ambient cooling, turbo način rada, pomicanje horizontalnih klapni (gore/dolje), dvosmjerno puhanje zraka, Mute način rada, kompenzacija temperature, 5 brzina ventilatora vanjske jedinice, 12 brzina ventilatora unutarnje jedinice, Intelligent anti-cold air, Sleep način rada, 1W Standby, mogućnost odvoda kondenzata na dvije strane, auto restart, timer, memorija položaja klapne, Emergency using\r\n\r\n','A++/A+','5,27 (1,72-6,21)','5,57 (1,05-6,97)','R32','1538 (120-2390)','1461 (190-2490)','1 / 220-240','-','-','-','800x333x554','-','37/39,9','1/4\" (fi 6,35)','1/2\" (fi 12,7)',30,20,'-','2100','-',NULL,NULL,NULL,NULL,NULL,2,'6,4','4,0','2019-03-05 09:46:40','2019-03-05 09:46:40'),(91,5,'Klima uređaj Korel KMA32-24FN8, DC INVERTER, vanjska jedinica',NULL,'5.188','4.665','HD (high-density) filter, cold catalyst filter, samodijagnoza, detekcija curenja rashladnog sredstva, low ambient cooling, turbo način rada, pomicanje horizontalnih klapni (gore/dolje), dvosmjerno puhanje zraka, Mute način rada, kompenzacija temperature, 5 brzina ventilatora vanjske jedinice, 12 brzina ventilatora unutarnje jedinice, Intelligent anti-cold air, Sleep način rada, 1W Standby, mogućnost odvoda kondenzata na dvije strane, auto restart, timer, memorija položaja klapne, Emergency using\r\n\r\n','A++/A+','7,33 (2,58-8,44)','7,62 (1,52-9,44)','R32','2402 (230-3350)','2177 (230-3370)','1 / 220-240','-','-','-','845x320x700','-','50/53,1','3/8\" (fi 9,52)','5/8\" (fi 15,9)',NULL,NULL,'-','2700','-',NULL,NULL,NULL,NULL,NULL,2,'6,4','4,0','2019-03-05 09:50:03','2019-03-05 09:50:03'),(92,5,'Klima uređaj Korel Nexo KOR32-09HFN8-O, DC INVERTER, vanjska jedinica',NULL,'1.950','1.872','HD (high-density) filter, cold catalyst filter, samodijagnoza, detekcija curenja rashladnog sredstva, low ambient cooling, turbo način rada, pomicanje horizontalnih klapni (gore/dolje), dvosmjerno puhanje zraka, Mute način rada, kompenzacija temperature, 5 brzina ventilatora vanjske jedinice, 12 brzina ventilatora unutarnje jedinice, Intelligent anti-cold air, Sleep način rada, 1W Standby, mogućnost odvoda kondenzata na dvije strane, auto restart, timer, memorija položaja klapne, Emergency using\r\n\r\n','A++/A+','2,64 (0,9-3,4)','2,93 (0,82-3,37)','R32','710 (100-1240)','739 (120-1200)','1 / 220-240','-','-','-','700x275x550','-','22,7/25,2','1/4\" (fi 6,35)','3/8\" (fi 9,52)',25,10,'-','1700','-',NULL,NULL,NULL,NULL,NULL,2,'6,2','4,0','2019-03-05 09:53:27','2019-03-05 09:53:27'),(93,5,'Klima uređaj Korel Nexo KOR32-12HFN8-O, DC INVERTER, vanjska jedinica',NULL,'2.075','2.000','HD (high-density) filter, cold catalyst filter, samodijagnoza, detekcija curenja rashladnog sredstva, low ambient cooling, turbo način rada, pomicanje horizontalnih klapni (gore/dolje), dvosmjerno puhanje zraka, Mute način rada, kompenzacija temperature, 5 brzina ventilatora vanjske jedinice, 12 brzina ventilatora unutarnje jedinice, Intelligent anti-cold air, Sleep način rada, 1W Standby, mogućnost odvoda kondenzata na dvije strane, auto restart, timer, memorija položaja klapne, Emergency using','A++/A+','3,52 (1,11-4,16)','3,81 (1,08-4,22)','R32','1237(130-1580)','964(100-1580)','1 / 220-240','-','-','-','700x275x550','-','22,7/25,2','1/4\" (fi 6,35)','3/8\" (fi 9,52)',25,10,'-','1700','-',NULL,NULL,NULL,NULL,NULL,2,'6,1','4,0','2019-03-05 09:56:41','2019-03-05 09:56:41'),(94,5,'Klima uređaj Korel Nexo KOR32-18HFN8-O, DC INVERTER, vanjska jedinica',NULL,'3.250','2.925','-','A++/A+','5,28 (1,82-6,13)','5,57 (1,38-6,74)','R32','1921(140-2360)','1546(200-2410)','1 / 220-240','-','-','-','800x333x554','-','34/36,7','1/4\" (fi 6,35)','1/2\" (fi 12,7)',30,20,'-','2500','-',NULL,NULL,NULL,NULL,NULL,2,'7,1','4,0','2019-03-05 09:59:56','2019-03-05 09:59:56'),(95,5,'Klima uređaj Korel Nexo KOR32-24HFN8-O, DC INVERTER, vanjska jedinica',NULL,'4.750',NULL,'-','A++/A+','7,03 (2,0-7,95)','7,33 (1,6-8,79)','R32','2345 (160-2960)','2035 (260-3140)','1 / 220-240','-','-','-','-','-',NULL,'-','-',NULL,NULL,'-','-','-',NULL,NULL,NULL,NULL,NULL,2,'7,1','4,0','2019-03-05 10:02:43','2019-03-05 10:02:43'),(96,3,'Klima uređaj LG Artcool Inverter V AM12BP, WiFi','storage/klime/image_96.jpeg','6.750',NULL,'aktivna energetska kontrola, prikaz potrošnje energije, brzo hlađenje, 4-smjerno strujanje, brzo zagrijavanje, ugrađen WiFi modul, pametna dijagnostika, Gold Fin, Plasmaster Ionizer Plus, filter s dvostrukom zaštitom, automatsko čišćenje, optimalno strujanje zraka, niska razina buke 19 dB, tihi način rada 3 dB, brza i jednostavna ugradnja.','A++','3,5 (0,9-4,0)','3,8 (0,9-5,1)','R410A','880','960','1 / 220-240 / 50','hl. 19/23/33/38, gr. 23/33/38','45','837x302x193','717x483x230','10','32,3','1/4\" (fi 6,35)','3/8\" (fi 9,52)',20,10,'-','1980','-',NULL,NULL,NULL,NULL,NULL,3,'6,4','4,0','2019-03-05 13:08:43','2019-03-05 13:08:43'),(97,3,'Klima uređaj LG Artcool Stylist Inverter V G12WL','storage/klime/image_97.png','10.575','9.518','A+. 3-smjerno strujanje zraka, Jet Cool, brzo grijanje, filter za dvostruku zaštitu, automatsko čišćenje, niska razina buke 19 dB, tihi rad 3 dB. Opcija: priprema za WiFi.','A+','3,5','3,5','R410A','1090','970','1 / 220-240 / 50','60','65','645*645*121','770 x 545 x 288','18','34','1/4\" (fi 6,35)','3/8\" (fi 9,52)',15,10,'-','-','-',NULL,NULL,NULL,NULL,NULL,3,'5,6','3,8','2019-03-05 13:13:16','2019-03-05 13:13:16'),(98,3,'Klima uređaj LG Deluxe Inverter D18CM','storage/klime/image_98.jpeg','10.374','9.337','A++. Snažno grijanje, 4-smjerno pomicanje, Plasmaster Ionizator, Microfilter za prašinu, filter za dvostruku zaštitu, automatsko čišćenje. Opcija: priprema za WiFi.','A++','5,0','5,8','R410A','-','-','1 / 220-240 / 50','60','65','998x330x210','770x545x288','12.5','35.5','1/4\" (fi 6,35)','1/2\" (fi 12,7)',20,10,'-','-','-',NULL,NULL,NULL,NULL,NULL,3,'7,0','4,2','2019-03-05 13:18:55','2019-03-05 13:18:55'),(99,3,'Klima uređaj LG Deluxe Inverter D24CM','storage/klime/image_99.jpeg','11.874','10.687','A++. Snažno grijanje, 4-smjerno pomicanje, Plasmaster Ionizator, Microfilter za prašinu, filter za dvostruku zaštitu, automatsko čišćenje. Opcija: priprema za WiFi.','A++','6,6','7,5','R410A','2,275','2,238','1 / 220-240 / 50','65','70','998x330x210','870x655x320','12.5','46.1','1/4\" (fi 6,35)','5/8\" (fi 15,88)',30,15,'-','-','-',NULL,NULL,NULL,NULL,NULL,3,'7,0','4,0','2019-03-05 13:23:10','2019-03-05 13:23:10'),(100,3,'Klima uređaj LG Deluxe Smart Inverter DM12RP, WiFi','storage/klime/image_100.jpeg','7.374',NULL,'aktivna energetska kontrola, prikaz potrošnje energije, brzo hlađenje, 4-smjerno strujanje, brzo zagrijavanje, ugrađen WiFi modul, pametna dijagnostika, Gold Fin, Plasmaster Ionizer Plus, filter s dvostrukom zaštitom, automatsko čišćenje, optimalno strujanje zraka, niska razina buke 19 dB, tihi način rada 3 dB, brza i jednostavna ugradnja.','A++','3,5','4,0','R410A','-','-','1 / 220-240 / 50','59','65','837x302x189','770x545x288','8.5','31','1/4\" (fi 6,35)','3/8\" (fi 9,52)',20,10,'-','-','-',NULL,NULL,NULL,NULL,NULL,3,'7,6','4,6','2019-03-05 13:27:15','2019-03-05 13:27:15'),(101,3,'Klima uređaj LG Deluxe Smart Inverter DM18RP, WiFi','storage/klime/image_101.jpeg','10.499','9.449','aktivna energetska kontrola, prikaz potrošnje energije, brzo hlađenje, 4-smjerno strujanje, brzo zagrijavanje, ugrađen WiFi modul, pametna dijagnostika, Gold Fin, Plasmaster Ionizer Plus, filter s dvostrukom zaštitom, automatsko čišćenje, optimalno strujanje zraka, niska razina buke 19 dB, tihi način rada 3 dB, brza i jednostavna ugradnja.','A++','5,0','5,8','R410A','-','-','1 / 220-240 / 50','60','65','998x330x210','770x545x288','12.5','35.5','1/4\" (fi 6,35)','1/2\" (fi 12,7)',20,10,'-','-','-',NULL,NULL,NULL,NULL,NULL,3,'7,0','4,2','2019-03-05 13:31:25','2019-03-05 13:31:25'),(102,3,'Klima uređaj LG New Standard Dual Inverter S12EQ','storage/klime/image_102.jpeg','4.374','3.937','A++/A+. Dvostruki inverterski kompresor (*10 godina jamstva na kompresor), aktivna energetska kontrola, Jet Cool, 4-smjerno pomicanje, brzo zagrijavanje, pametna dijagnostika, Gold Fin, filter za dvostruku zaštitu, automatsko čišćenje, optimalno strujanje zraka, niska razina buke od 19 dB, tihi način rada 3 dB, brza i jednostavna ugradnja.','A++','3,5','4','R32','-','-','1 / 220-240 / 50','45/41/35/27/19','48','837*308*189','717*483*230','-','-','1/4\" (fi 6,35)','3/8\" (fi 9,52)',NULL,NULL,'-','-','-',NULL,NULL,NULL,NULL,NULL,3,'6,6','4,0','2019-03-05 13:35:34','2019-03-05 13:35:34'),(103,3,'Klima uređaj LG New Standard Plus Inverter P12EN','storage/klime/image_103.jpeg','4.373','3.937','A++. Aktivna energetska regulacija, prikaz potrošnje energije, 2-smjerno pomicanje, Jet Cool, brzo grijanje, filter za dvostruku zaštitu, automatsko čišćenje, optimalno strujanje zraka, tihi rad 3 dB, pametna dijagnostika.','A++','3,5','3,8','R410A','1080','1000','1 / 220-240 / 50','59','65','837x302x189','717x483x230','8.5','29','1/4\" (fi 6,35)','3/8\" (fi 9,52)',15,7,'-','-','-',NULL,NULL,NULL,NULL,NULL,3,'6,4','4,0','2019-03-05 13:40:10','2019-03-05 13:40:10'),(104,3,'Klima uređaj LG New Standard Plus Inverter P18EN','storage/klime/image_104.jpeg','6.937','6.243','A++. Aktivna energetska regulacija, prikaz potrošnje energije, 2-smjerno pomicanje, Jet Cool, brzo grijanje, filter za dvostruku zaštitu, automatsko čišćenje, optimalno strujanje zraka, tihi rad 3 dB, pametna dijagnostika.','A++','5,0','5,8','R410A','1587','1611','1 / 220-240 / 50','60','65','998x330x210','770x545x288','11.6','36.7','1/4\" (fi 6,35)','1/2\" (fi 12,7)',20,10,'-','-','-',NULL,NULL,NULL,NULL,NULL,3,'6,5','4,0','2019-03-05 13:44:07','2019-03-05 13:44:07'),(105,3,'Klima uređaj LG New Standard Plus Inverter P24EN','storage/klime/image_105.jpeg','9.062','8.156','A++. Aktivna energetska regulacija, prikaz potrošnje energije, 2-smjerno pomicanje, Jet Cool, brzo grijanje, filter za dvostruku zaštitu, automatsko čišćenje, optimalno strujanje zraka, tihi rad 3 dB, pametna dijagnostika.','A++','6,6','7,5','R410A','2275','2308','1 / 220-240 / 50','65','70','998x330x210','870*655*320','12.5','46','1/4\" (fi 6,35)','5/8\" (fi 15,88)',30,15,'-','-','-',NULL,NULL,NULL,NULL,NULL,3,'6,2','3,9','2019-03-05 13:48:51','2019-03-05 13:48:51'),(106,3,'Klima uređaj LG Sirius Smart Inverter PM12SP, WiFi',NULL,'5.749','5.173','A++. Aktivna energetska regulacija, prikaz potrošnje energije, 4-smjerno pomicanje, Jet Cool, brzo grijanje, filter za dvostruku zaštitu, automatsko čišćenje, optimalno strujanje zraka, niska razina buke 19 dB (samo 7, 9 i 12), tihi rad 3 dB, pametna dijagnostika. UGRAĐEN WIFI! 9,12,18,24 kompatibilni sa single i multi sustavom.','A++','3,5','3,8','R410A','1080','1000','1 / 220-240 / 50','59','65','837x302x189','717x483x230','8.5',NULL,'1/4\" (fi 6,35)','3/8\" (fi 9,52)',15,7,'-','-','-',NULL,NULL,NULL,NULL,NULL,3,'6,4','4,0','2019-03-05 13:53:39','2019-03-05 13:57:48'),(107,3,'Klima uređaj LG Standard Inverter Z09SL','storage/klime/image_107.png','4.199','3.779','A+. 2-smjerno pomicanje, brzo grijanje, filter za dvostruku zaštitu, automatsko čišćenje, 1-Touch Soft Air. Opcija: priprema za WiFi.','A+','2,5 (0,9-3,7)','3,2 (0,9-4,1)','R410A','690','860','1-220-50','hl. 20/25/33/39, gr. 28/33/39','47','798x214x292','717x230x483','8.5','28','1/4\" (fi 6,35)','3/8\" (fi 9,52)',15,7,'-','-','-',NULL,NULL,NULL,NULL,NULL,3,'5,9','3,8','2019-03-05 13:57:22','2019-03-05 13:57:22'),(108,1,'Klima uređaj Samsung AR5500 R32 AR09NXWSAURNEU 2,75/3,2 kW Wi-Fi','storage/klime/image_108.jpeg','4.399',NULL,'trokutasti dizajn omogućuje iznimnu učinkovitost,PLASTIČNO KUĆIŠTE VANJSKE JEDINICE, zbog POWERboost tehnologijeTM i prvog osmopolnog inverterskog motora omogućen je učinkovitiji rad s manje vibracije i buke,brže hlađenje te smanjena potrošnja energije,filteri sa vrhunskom mrežom smanjuju do 99% virusa i pokrivaju cjelokupni otvor za usis zraka,pametna funkcija omogućuje upravljanje Wi-Fijem putem aplikacije Smart Home za pametne telefone,trostruka zaštita plus(zaštita kontrolne ploče,rešetke,kućišta i kompresora),vanjska jedinica ima grijač kućišta,DURAFIN(pojačava učinak izmjenjivača topline i otporniji je na koroziju). funkcije:Tihi rad,Good Sleep Mode,Smart Home,odvlaživanje,Fast Cool(brzo hlađenje),Auto Restart,Auto Clean(samostalno čišćenje),Smart Installation check(pametna provjera instalacije)\r\n\r\n','A++','2,75','3,20','R32','-','-','  1-220-50','-','-','826X261X261','660X475X242','9,6/12,00','  22,80/24,60','2x 1/4\"(fi 6,35)','2x 3/8\"(fi 9,52)',15,8,'-','-','-',NULL,NULL,NULL,NULL,NULL,2,'6,4','3,8','2019-03-06 07:41:51','2019-03-06 07:41:51'),(109,1,'Klima uređaj Samsung AR5500 R32 AR12NXWSAURNEU 3,5/3,5 kW Wi-Fi','storage/klime/image_109.jpeg','4.999',NULL,'trokutasti dizajn omogućuje iznimnu učinkovitost,PLASTIČNO KUĆIŠTE VANJSKE JEDINICE, zbog POWERboost tehnologijeTM i prvog osmopolnog inverterskog motora omogućen je učinkovitiji rad s manje vibracije i buke,brže hlađenje te smanjena potrošnja energije,filteri sa vrhunskom mrežom smanjuju do 99% virusa i pokrivaju cjelokupni otvor za usis zraka,pametna funkcija omogućuje upravljanje Wi-Fijem putem aplikacije Smart Home za pametne telefone,trostruka zaštita plus(zaštita kontrolne ploče,rešetke,kućišta i kompresora),vanjska jedinica ima grijač kućišta,DURAFIN(pojačava učinak izmjenjivača topline i otporniji je na koroziju). funkcije:Tihi rad,Good Sleep Mode,Smart Home,odvlaživanje,Fast Cool(brzo hlađenje),Auto Restart,Auto Clean(samostalno čišćenje),Smart Installation check(pametna provjera instalacije)\r\n\r\n','A++','3,5','3,5','R32','-','-','  1-220-50','-','-','826X261X261','660X475X242','9,5/11,80','22,50/24,20','2x 1/4\"(fi 6,35)','2x 3/8\"(fi 9,52)',15,8,'-','-','-',NULL,NULL,NULL,NULL,NULL,2,'6,1','3,8','2019-03-06 07:47:23','2019-03-06 07:47:23'),(110,1,'Klima uređaj Samsung AR5580 AR09KSWSBWKNZE 2,5 kW WI-FI','storage/klime/image_110.jpeg','4.999',NULL,'serija AR5000(model AR5580 ili GOOD),trokutasti dizajn omogućuje iznimnu učinkovitost, zbog POWERboost tehnologijeTM i prvog osmopolnog inverterskog motora omogućen je učinkovitiji rad s manje vibracije i buke,brže hlađenje te smanjena potrošnja energije,filteri sa vrhunskom mrežom smanjuju do 99% virusa i pokrivaju cjelokupni otvor za usis zraka,pametna funkcija omogućuje upravljanje Wi-Fijem putem aplikacije Smart Home za pametne telefone,trostruka zaštita plus(zaštita kontrolne ploče,rešetke,kućišta i kompresora),vanjska jedinica ima grijač kućišta,garancija na kompresor 5 godina,DURAFIN(pojačava učinak izmjenjivača topline i otporniji je na koroziju). funkcije:Tihi rad,Good Sleep Mode,Smart Home,odvlaživanje,Fast Cool(brzo hlađenje),Auto Restart,Auto Clean(samostalno čišćenje),Smart Installation check(pametna provjera instalacije','A++','2,50(1,30-3,30)','3,20(1,10-4,15)','R410','-','-','  1-220-50','-','-','826X261X261','720X548X265','9,5/11,30',' 28,50/32,00','2x 1/4\"(fi 6,35)','2x 3/8\"(fi 9,52)',15,8,'-','-','-',NULL,NULL,NULL,NULL,NULL,2,'6,1','4,0','2019-03-06 07:52:10','2019-03-06 07:52:10'),(111,1,'Klima uređaj Samsung AR5580 AR18MSWSAWKNEU 5/6 kW Wi-Fi','storage/klime/image_111.jpeg','6.599',NULL,'serija AR5580, zbog POWERboost tehnologijeTM i prvog osmopolnog inverterskog motora omogućen je učinkovitiji rad s manje vibracije i buke,brže hlađenje te smanjena potrošnja energije,DURAFIN(pojačava učinak izmjenjivača topline i otporniji je na koroziju). Funkcije:wi-fi,Tihi rad,Good Sleep Mode,odvlaživanje,Brzo hlađenje,Auto Restart,Samostalno čišćenje,Pametna dijagnostika.','A++','5,00(1,60-6,50)','6,00(1,2-7,20)','R410','-','-','  1-220-50','-','-','1065X301X294','880X638X310','13,40/16,40','  41,50/44,20','1/4\"(fi 6,35)','1/2\"(fi 12,70)',30,15,'-','-','-',NULL,NULL,NULL,NULL,NULL,2,'6,1','3,8','2019-03-06 07:56:28','2019-03-06 07:56:28'),(112,1,'Klima uređaj Samsung AR7580 AR09KSPDBWKNEU 2,5kW WI-FI','storage/klime/image_112.jpeg','6.924',NULL,'serija AR7000(model AR7589 ili BETTER),trokutasti dizajn omogućuje iznimnu učinkovitost,zbog POWERboost tehnologijeTM i prvog osmopolnog inverterskog motora omogućen je učinkovitiji rad s manje vibracije i buke,brže hlađenje te smanjena potrošnja energije,filteri sa vrhunskom mrežom smanjuju do 99% virusa i pokrivaju cjelokupni otvor za usis zraka,pametna funkcija omogućuje upravljanje Wi-Fijem putem aplikacije Smart Home za pametne telefone,trostruka zaštita plus(zaštita kontrolne ploče,rešetke,kućišta i kompresora),vanjska jedinica ima grijač kućišta,garancija na kompresor 10 godina,DURAFIN(pojačava učinak izmjenjivača topline i otporniji je na koroziju). funkcije:Tihi rad,Good Sleep Mode,Virus Doctor,Smart Home,odvlaživanje,Fast Cool(brzo hlađenje),Auto Restart,Auto Clean(samostalno čišćenje),Smart Installation check(pametna provjera instalacije)\r\n\r\n','A++','2,50(0,97-3,30)','3,20(0,97-5,40)','R410','-','-','  1-220-50','-','-','826X261X261','790X545X285','10,2/12,50','  34,50/37,50','2x 1/4\"(fi 6,35)','2x 3/8\"(fi 9,52)',15,8,'-','-','-',NULL,NULL,NULL,NULL,NULL,2,'7,1','4,6','2019-03-06 08:00:27','2019-03-06 08:00:27'),(113,1,'Klima uređaj Samsung AR7580 AR12KSPDBWKNEU 3,5 kW WI-FI','storage/klime/image_113.jpeg','7.599',NULL,'serija AR7000(model AR7589 ili BETTER),trokutasti dizajn omogućuje iznimnu učinkovitost, zbog POWERboost tehnologijeTM i prvog osmopolnog inverterskog motora omogućen je učinkovitiji rad s manje vibracije i buke,brže hlađenje te smanjena potrošnja energije,filteri sa vrhunskom mrežom smanjuju do 99% virusa i pokrivaju cjelokupni otvor za usis zraka,pametna funkcija omogućuje upravljanje Wi-Fijem putem aplikacije Smart Home za pametne telefone,trostruka zaštita plus(zaštita kontrolne ploče,rešetke,kućišta i kompresora),vanjska jedinica ima grijač kućišta,garancija na kompresor 10 godina,DURAFIN(pojačava učinak izmjenjivača topline i otporniji je na koroziju). funkcije:Tihi rad,Good Sleep Mode,Virus Doctor,Smart Home,odvlaživanje,Fast Cool(brzo hlađenje),Auto Restart,Auto Clean(samostalno čišćenje),Smart Installation check(pametna provjera instalacije)','A++','3,50(0,97-4,00)','4,0(0,85-6,60)','R410','-','-','  1-220-50','-','-','826X261X261','790X545X285','10,2/12,50',' 34,50/37,50','2x 1/4\"(fi 6,35)','2x 3/8\"(fi 9,52)',15,8,'-','-','-',NULL,NULL,NULL,NULL,NULL,2,'6,7','4,6','2019-03-06 08:04:35','2019-03-06 08:04:35'),(114,1,'Klima uređaj Samsung AR9400 WIND-FREE R32 AR12NXWXCWKN/EU 3,5/3,5 kW WiFi','storage/klime/image_114.jpeg','6.999',NULL,'Nova jedinstvena tehnologija hlađenja Wind-Free (hlađenje bez neugode izravnog strujanja hladnog zraka te uz optimalnu energetsku učinkovitost). Hladan zrak se nježno širi kroz 21.000 mikro zračnih otvora za zrak. Digitalni inverter s 8 stupova troši samo 32% električne energije i na taj način održava željenu temperaturu bez čestog uključivanja/isključivanja te je mnogo tiši, trajniji, učinkovitiji. Ima PLASTIČNO KUĆIŠTE VANJSKE JEDINICE. Funkcije: Wi-fi,Tihi rad, Good Sleep Mode, Dvostupanjski sustav hlađenja (Fast Cooling i Wind Free), odvlaživanje, Auto Restart, samostalno čišćenje, pametna dijagnostika,odvlaživanje,Easy filter plus,filter protiv alergija,antibakterijski filter,anti korozijski premaz.','A++','3,5 (0,90-4,00)','3,5 (1,3-5,00)','R32','-','-','  1-220-50','-','-','828X267X265','660X475X242','9,40/11,90',' 22,80/24,50','1/4\"(fi 6,35)','3/8\"(fi 9,52)',15,8,'-','-','-',NULL,NULL,NULL,NULL,NULL,2,'6,1','3,8','2019-03-06 08:16:02','2019-03-06 08:16:02'),(115,1,'Klima uređaj Samsung AR9670 AR12JSPFAWKNEU 3,5 kW WI-FI','storage/klime/image_115.jpeg','8.999',NULL,'serija AR9000 (model AR9670 ili BEST), trokutasti dizajn omogućuje iznimnu učinkovitost, zbog POWERboost tehnologijeTM i prvog osmopolnog inverterskog motora omogućen je učinkovitiji rad s manje vibracije i buke, brže hlađenje te smanjena potrošnja energije, filteri s vrhunskom mrežom smanjuju do 99% virusa i pokrivaju cjelokupni otvor za usis zraka,pametna funkcija omogućuje upravljanje Wi-Fijem putem aplikacije Smart Home za pametne telefone, trostruka zaštita plus (zaštita kontrolne ploče, rešetke, kućišta i kompresora), vanjska jedinica ima grijač kućišta, garancija na kompresor 10 godina, DURAFIN (pojačava učinak izmjenjivača topline i otporniji je na koroziju) funkcije: Tihi rad, Good Sleep Mode, Virus Doctor, Smart Home, odvlaživanje, Fast Cool (brzo hlađenje),Auto Restart, Auto Clean (samostalno čišćenje), Smart Installation check (pametna provjera instalacije)','A++','3,5 (0,97-4,00)','4,0 (0,85-6,60)','R410','-','-','  1-220-50','-','-','936X267X264','790X545X285','12,5/15,00','35/38','2x 1/4\"(fi 6,35)','2x 3/8\"(fi 9,52)',15,8,'-','-','-',NULL,NULL,NULL,NULL,NULL,2,'7,1','4,6','2019-03-06 08:20:06','2019-03-06 08:20:06'),(116,1,'Klima uređaj Samsung Maldives R32 AR09NXFPEWQNEU 2,75/3,2 kW','storage/klime/image_116.jpeg','3.999',NULL,'serija Maldives,PLASTIČNO KUĆIŠTE VANJSKE JEDINICE, zbog POWERboost tehnologijeTM i prvog osmopolnog inverterskog motora omogućen je učinkovitiji rad s manje vibracije i buke,brže hlađenje te smanjena potrošnja energije, DURAFIN(pojačava učinak izmjenjivača topline i otporniji je na koroziju). Funkcije:Tihi rad,3-Care Filter(protiv prašine,virusa,alergena,bakterija),Antibakterijski zaštitni sloj,Antivirusni zaštitini sloj,Good Sleep funkcija,Odvlaživanje, Brzo hlađenje,Auto Restart,Samostalno čišćenje,Pametna dijagnostika.','A++','2,75','3,20','R32','-','-',' 1-220-50','-','-','820X285X215','660X475X242','8,00/9,80',' 22,50/24,20','1/4\"(fi 6,35)','3/8\"(fi 9,52)',15,8,'-','-','-',NULL,NULL,NULL,NULL,NULL,2,'6,4','3,8','2019-03-06 08:23:59','2019-03-06 08:23:59'),(117,1,'Klima uređaj Samsung Maldives R32 AR12NXFPEWQNEU 3,5/3,5 kW','storage/klime/image_117.jpeg','4.199',NULL,'serija Maldives,PLASTIČNO KUĆIŠTE VANJSKE JEDINICE, zbog POWERboost tehnologijeTM i prvog osmopolnog inverterskog motora omogućen je učinkovitiji rad s manje vibracije i buke,brže hlađenje te smanjena potrošnja energije, DURAFIN(pojačava učinak izmjenjivača topline i otporniji je na koroziju). Funkcije:Tihi rad,3-Care Filter(protiv prašine,virusa,alergena,bakterija),Antibakterijski zaštitni sloj,Antivirusni zaštitini sloj,Good Sleep funkcija,Odvlaživanje, Brzo hlađenje,Auto Restart,Samostalno čišćenje,Pametna dijagnostika.','A++','3,5','3,5','R32','-','-','1-220-50','-','-','820X285X215','660X475X242','8,00/9,80',' 22,80/24,60','1/4\"(fi 6,35)','3/8\"(fi 9,52)',15,8,'-','-','-',NULL,NULL,NULL,NULL,NULL,2,'6,1','3,8','2019-03-06 08:27:40','2019-03-06 08:27:40'),(118,4,'Klima uređaj Toshiba DAISEIKAI 8 RAS-10G2KVP-E/RAS-10G2AVP-','storage/klime/image_118.png','9.450','8.505','ionizator zraka, plazma filter, WIFI kao dodatna opcija','A+++','2,5 (0,55-3,5)','3,2 (0,45-5,80)','R410A','150-1395-1720','150-1520-1980','1-230-50','42/24','61','831x293x270','800x630x300','14','42','1/4\" (fi 6,35)','3/8\" (fi 9,5)',25,10,'648','1872','-',NULL,NULL,NULL,NULL,NULL,3,'9,10','5,20','2019-03-06 09:08:13','2019-03-06 09:08:13'),(119,4,'Klima uređaj Toshiba DAISEIKAI 8 RAS-13G2KVP-E/RAS-13G2AVP-E','storage/klime/image_119.png','10.410','9.369','ionizator zraka, plazma filter, WIFI kao dodatna opcija','A+++','3,5 (0,63-4,10)','4,0 (0,65-6,30)','R410A','150-1395-1720','150-1520-1980','1-220-50','43/25','63','831x293x270','800x630x300','14',NULL,'1/4\" (fi 6,35)','3/8\" (fi 9,5)',25,10,'672','2160','-',NULL,NULL,NULL,NULL,NULL,3,'8,90','5,10','2019-03-06 09:12:24','2019-03-06 09:13:30'),(120,4,'Klima uređaj Toshiba DAISEIKAI 8 RAS-16G2KVP-E/RAS-16G2AVP-E','storage/klime/image_120.png','13.310','11.979','ionizator zraka, plazma filter, WIFI kao dodatna opcija','A++','4,5 (0,63-5,0)','5,5 (0,65-6,80)','R410A','150-1395-1720','150-1520-1980','1-220-50','44/26','49','831x293x270','800x630x300','14','42','1/4\" (fi 6,35)','1/2\" (fi 12,7)',25,10,'696','2544','-',NULL,NULL,NULL,NULL,NULL,3,'7,30','4,60','2019-03-06 09:17:38','2019-03-06 09:17:38'),(121,4,'Klima uređaj Toshiba Mirai inverter RAS-24BKVG-E/RAS-24BAVG-E','storage/klime/image_121.jpeg','9.690',NULL,'samočišćenje, daljinski upravljač s tjednim timerom (opcija) i WIFI kao dodatna opcija','A+','6,5 (1,60-7,20)','7,00 (1,60-8,10)','R32','-','-','  1-220-50','-','-','1050x320x243','780x550x290','14','34','1/4\" (fi 6,35)','1/2\" (fi 12,7)',20,12,'984','2184/2184','-',NULL,NULL,NULL,NULL,NULL,3,'5,60','4,0','2019-03-06 09:21:30','2019-03-06 09:21:30'),(122,4,'Klima uređaj Toshiba Mirai inverter RAS-10BKVG-E/RAS-10BAVG-E','storage/klime/image_122.jpeg','4.550','3.825','samočišćenje, daljinski upravljač s tjednim timerom (opcija) i WIFI kao dodatna opcija','A+','2,5 (0,68-3,00)','3,2 (0,71-3,90)','R32','180-1770-1000','150-850-1110','1-220-50','-','-','798x293x230','660x530x240','9','21','1/4\" (fi 6,35)','3/8\" (fi 9,52)',15,12,'540','1860','-',NULL,NULL,NULL,NULL,NULL,3,'5,70','4,00','2019-03-06 09:31:16','2019-03-06 09:31:16'),(123,4,'Klima uređaj Toshiba Mirai inverter RAS-13BKVG-E/RAS-13BAVG-E',NULL,'4.731.25','4.050','samočišćenje, daljinski upravljač s tjednim timerom (opcija) i WIFI kao dodatna opcija','A+','3,3 (0,75-3,60)','3,6 (0,72-4,50)','R32','180-1130-1250','150-960-1240','  1-220-50','-','-','798x293x230','660x530x240','9','22','1/4\" (fi 6,35)','3/8\" (fi 9,52)',15,12,'600','1980','-',NULL,NULL,NULL,NULL,NULL,3,'5,60','4,0','2019-03-06 10:45:37','2019-03-06 10:45:37'),(124,4,'Klima uređaj Toshiba Mirai inverter RAS-16BKVG-E/RAS-16BAVG-E','storage/klime/image_124.jpeg','6.362.50','5.727','samočišćenje, daljinski upravljač s tjednim timerom (opcija) i WIFI kao dodatna opcija','A+','4,6 (1,20-5,30)','5,40 (0,93-6,40)','R32','220-1530-1800',' 180-1550-2100','  1-220-50','-','-','798x293x230','780x550x290','10',NULL,'1/4\" (fi 6,35)','1/2\" (fi 12,7)',20,12,'750','2040 /2160','-',NULL,NULL,NULL,NULL,NULL,3,'6,20','5,40','2019-03-06 10:50:05','2019-03-06 10:50:41'),(125,4,'Klima uređaj Toshiba Mirai inverter RAS-18BKVG-E/RAS-18BAVG-E','storage/klime/image_125.jpeg','7.990',NULL,'samočišćenje, daljinski upravljač s tjednim timerom (opcija) i WIFI kao dodatna opcija\r\n\r\n','A+','5,0 (1,30-5,50)','5,4 (1,00-6,00)','R32','-','-','  1-220-50','-','-','1050x320x243','780x550x290','14','34','1/4\" (fi 6,35)','1/2\" (fi 12,7)',20,12,'840','2184/2184','-',NULL,NULL,NULL,NULL,NULL,3,'5,6','4,0','2019-03-06 10:54:32','2019-03-06 10:54:32'),(126,4,'Klima uređaj Toshiba Suzumi Plus R32, RAS-10PKVSG-E/RAS-10PAVSG-E','storage/klime/image_126.jpeg','5.688','5.119','7 brzina ventilatora, uključujući HI-POWER, quiet funkcija, comfort sleep, filter IAQ, WIFI kao dodatna opcija','A++','2,5 (0,75-3,20)','3,2 (0,90-4,80)','R32','600','750','  1-230-50','-','-','798x293x230','780x550x290','9','33','1/4\" (fi 6,35)','3/8\" (fi 9,52)',20,12,'565','1668','-',NULL,NULL,NULL,NULL,NULL,3,'6,9','4,6','2019-03-06 12:03:21','2019-03-06 12:03:21'),(127,4,'Klima uređaj Toshiba Suzumi Plus R32, RAS-13PKVSG-E/RAS-13PAVSG-E','storage/klime/image_127.jpeg','6.488','5.839','7 brzina ventilatora, uključujući HI-POWER, quiet funkcija, comfort sleep, filter IAQ, WIFI kao dodatna opcija','A++','3,5 (0,8-4,1)','4,2 (0,8-5,3)','R32','1050','1080','  1-230-50','-','-','798x293x230','780x550x290','9','33','1/4\" (fi 6,35)','3/8\" (fi 9,52)',20,12,'625','1920','-',NULL,NULL,NULL,NULL,NULL,3,'6,5','4,6','2019-03-06 12:07:15','2019-03-06 12:07:15'),(128,4,'Klima uređaj Toshiba Suzumi Plus R32, RAS-16PKVSG-E/RAS-16PAVSG-E','storage/klime/image_128.jpeg','7.988','7.189','7 brzina ventilatora, uključujući HI-POWER, quiet funkcija, comfort sleep, filter IAQ, WIFI kao dodatna opcija','A++','4,6 (1,20-5,30)','5,50 (0,90-6,50)','R32','1400','1520',' 1-230-50','-','-','798x293x230','780x550x290','9','38','1/4\" (fi 6,35)','1/2\" (fi 12,7)',20,12,'768','2160','-',NULL,NULL,NULL,NULL,NULL,3,'6,5','4,2','2019-03-06 12:11:12','2019-03-06 12:11:13'),(129,4,'Klima uređaj Toshiba Suzumi Plus R32,RAS-18PKVSG-E/RAS-18PAVSG-E','storage/klime/image_129.jpeg','9.300','8.370','7 brzina ventilatora, uključujući HI-POWER, quiet funkcija, comfort sleep, filter IAQ, WIFI kao dodatna opcija\r\n\r\n','A++','5,0 (1,10-6,00)','6,00 (0,80-6,50)','R32','1420','1600','  1-230-50','-','-','1050x320x250','780x550x290','13','39','1/4\" (fi 6,35)','1/2\" (fi 12,7)',20,12,'950','2040','-',NULL,NULL,NULL,NULL,NULL,3,'7,3','4,4','2019-03-06 12:15:02','2019-03-06 12:15:02'),(130,4,'Klima uređaj Toshiba Suzumi Plus R32,RAS-22PKVSG-E/RAS-22PAVSG-E','storage/klime/image_130.jpeg','10.738','9.664','7 brzina ventilatora, uključujući HI-POWER, quiet funkcija, comfort sleep, filter IAQ, WIFI kao dodatna opcija','A++','6,1 (1,20-6,70)','7,00 (1,00-7,50)','R32','1990','2050','  1-230-50','-','-','1050x320x250','780x550x290','13','41','1/4\" (fi 6,35)','1/2\" (fi 12,7)',20,12,'984','2184','-',NULL,NULL,NULL,NULL,NULL,3,'6,8','4,4','2019-03-06 12:19:00','2019-03-06 12:19:00'),(131,4,'Klima uređaj Toshiba, Suzumi Plus, inverter, RAS-10N3AV2-E/RAS-B10N3KV2-E','storage/klime/image_131.jpeg','5.313','4.782','filter za prašinu, IAQ filter, samočišćenje, automatski režim rada, Hi Power, automatska dijagnoza, eko način rada, tihi rad, comfort sleep, WiFi opcija, Timer, automatsko ponovno uključivanje','A++','2,5 (1,1-3,0)','3,2 (0,9-4,8)','R410A','250-598-820','170-750-1400','1-220-50','hl. 38/26, gr. 39/28','hl. 46, gr. 47','790x275x217','780x550x290','10','33','1/4\" (fi 6,35)','3/8\" (fi 9,52)',20,10,'516','1800','-',NULL,NULL,NULL,NULL,NULL,3,'6,7','4,3','2019-03-06 12:22:33','2019-03-06 12:22:33');
/*!40000 ALTER TABLE `items` ENABLE KEYS */;
UNLOCK TABLES;

--
-- Table structure for table `migrations`
--

DROP TABLE IF EXISTS `migrations`;
/*!40101 SET @saved_cs_client     = @@character_set_client */;
/*!40101 SET character_set_client = utf8 */;
CREATE TABLE `migrations` (
  `id` int(10) unsigned NOT NULL AUTO_INCREMENT,
  `migration` varchar(255) COLLATE utf8_unicode_ci NOT NULL,
  `batch` int(11) NOT NULL,
  PRIMARY KEY (`id`)
) ENGINE=InnoDB AUTO_INCREMENT=17 DEFAULT CHARSET=utf8 COLLATE=utf8_unicode_ci;
/*!40101 SET character_set_client = @saved_cs_client */;

--
-- Dumping data for table `migrations`
--

LOCK TABLES `migrations` WRITE;
/*!40000 ALTER TABLE `migrations` DISABLE KEYS */;
INSERT INTO `migrations` VALUES (13,'2014_10_12_000000_create_users_table',1),(14,'2014_10_12_100000_create_password_resets_table',1),(15,'2016_12_05_120933_create_categories_table',1),(16,'2016_12_05_135656_create_items_table',1);
/*!40000 ALTER TABLE `migrations` ENABLE KEYS */;
UNLOCK TABLES;

--
-- Table structure for table `password_resets`
--

DROP TABLE IF EXISTS `password_resets`;
/*!40101 SET @saved_cs_client     = @@character_set_client */;
/*!40101 SET character_set_client = utf8 */;
CREATE TABLE `password_resets` (
  `email` varchar(255) COLLATE utf8_unicode_ci NOT NULL,
  `token` varchar(255) COLLATE utf8_unicode_ci NOT NULL,
  `created_at` timestamp NULL DEFAULT NULL,
  KEY `password_resets_email_index` (`email`),
  KEY `password_resets_token_index` (`token`)
) ENGINE=InnoDB DEFAULT CHARSET=utf8 COLLATE=utf8_unicode_ci;
/*!40101 SET character_set_client = @saved_cs_client */;

--
-- Dumping data for table `password_resets`
--

LOCK TABLES `password_resets` WRITE;
/*!40000 ALTER TABLE `password_resets` DISABLE KEYS */;
/*!40000 ALTER TABLE `password_resets` ENABLE KEYS */;
UNLOCK TABLES;

--
-- Table structure for table `users`
--

DROP TABLE IF EXISTS `users`;
/*!40101 SET @saved_cs_client     = @@character_set_client */;
/*!40101 SET character_set_client = utf8 */;
CREATE TABLE `users` (
  `id` int(10) unsigned NOT NULL AUTO_INCREMENT,
  `email` varchar(255) COLLATE utf8_unicode_ci NOT NULL,
  `password` varchar(255) COLLATE utf8_unicode_ci NOT NULL,
  `remember_token` varchar(100) COLLATE utf8_unicode_ci DEFAULT NULL,
  `created_at` timestamp NULL DEFAULT NULL,
  `updated_at` timestamp NULL DEFAULT NULL,
  PRIMARY KEY (`id`),
  UNIQUE KEY `users_email_unique` (`email`)
) ENGINE=InnoDB AUTO_INCREMENT=3 DEFAULT CHARSET=utf8 COLLATE=utf8_unicode_ci;
/*!40101 SET character_set_client = @saved_cs_client */;

--
-- Dumping data for table `users`
--

LOCK TABLES `users` WRITE;
/*!40000 ALTER TABLE `users` DISABLE KEYS */;
INSERT INTO `users` VALUES (1,'nebs@gmail.com','$2y$10$x2zfIzgwzvj35xkiIAfuMeiAkEcRMHZ6pbvtSGtqKjzo5n3H8geQS','666','2017-05-07 19:36:31','2017-05-07 19:36:31'),(2,'dunjah2@hotmail.com','$2y$10$RLWsb1x2NHhoTqz/zaVS..I4zNeS2LWIupVdLhn1bomkNWLm08SL.','777','2017-05-07 19:36:31','2017-05-07 19:36:31');
/*!40000 ALTER TABLE `users` ENABLE KEYS */;
UNLOCK TABLES;
/*!40103 SET TIME_ZONE=@OLD_TIME_ZONE */;

/*!40101 SET SQL_MODE=@OLD_SQL_MODE */;
/*!40014 SET FOREIGN_KEY_CHECKS=@OLD_FOREIGN_KEY_CHECKS */;
/*!40014 SET UNIQUE_CHECKS=@OLD_UNIQUE_CHECKS */;
/*!40101 SET CHARACTER_SET_CLIENT=@OLD_CHARACTER_SET_CLIENT */;
/*!40101 SET CHARACTER_SET_RESULTS=@OLD_CHARACTER_SET_RESULTS */;
/*!40101 SET COLLATION_CONNECTION=@OLD_COLLATION_CONNECTION */;
/*!40111 SET SQL_NOTES=@OLD_SQL_NOTES */;

-- Dump completed on 2019-03-06 12:48:14
